<?xml version="1.0" encoding="utf-8"?>
<Dictionary>
  <Words>
    <Unrecognized>
      <!-- Words to be excluded from the existing dictionary -->
      <!-- <Word>instate</Word> -->
    </Unrecognized>
    <Recognized>
      <!-- Words to augment the existing dictionary -->
      <!-- If your company name or project name is an unusal word, you may want to include it. -->
      <!-- For compound words, include the individual words (if necessary) -->
      <!--<Word>CJKW</Word>-->
      <!--<Word>CJKWComponentModels</Word>-->
    </Recognized>
    <Acronyms>
      <!-- Company, domain, or project specific acronyms -->
      <CasingExceptions>
        <!-- If your company or project name is an acroynm, you may want to include these here -->
        <!--<Acronym>CJKW</Acronym>-->
        <!--<Acronym>CJKWComponentModels</Acronym>-->
      </CasingExceptions>
    </Acronyms>
  </Words>
</Dictionary>